{
  "best_model_name": "RandomForest",
  "metrics": {
    "Accuracy": 0.8909090909090909,
    "Precision": 0.8518518518518519,
    "Recall": 0.92,
    "F1": 0.8846153846153846,
    "ConfusionMatrix": [
      [
        26,
        4
      ],
      [
        2,
        23
      ]
    ],
    "ROC_AUC": 0.9466666666666667
  }
}